{"count":1,"self":71.932608,"total":77.274363,"children":{"InitializeActuators":{"count":5,"self":0.0010000999999999999,"total":0.0010000999999999999,"children":null},"InitializeSensors":{"count":5,"self":0.0025948,"total":0.0025948,"children":null},"AgentSendState":{"count":3549,"self":0.042063699999999996,"total":4.0022392999999994,"children":{"CollectObservations":{"count":17630,"self":1.9033396,"total":1.9033396,"children":null},"WriteActionMask":{"count":17630,"self":0.0083375999999999988,"total":0.0083375999999999988,"children":null},"RequestDecision":{"count":17630,"self":2.0484983999999997,"total":2.0484983999999997,"children":null}}},"DecideAction":{"count":3549,"self":0.0364861,"total":0.0364861,"children":null},"AgentAct":{"count":3549,"self":1.2994326999999999,"total":1.2994326999999999,"children":null}},"gauges":{},"metadata":{"timer_format_version":"0.1.0","start_time_seconds":"1749607508","unity_version":"6000.0.43f1","command_line_arguments":"C:\\Program Files\\Unity\\Hub\\Editor\\6000.0.43f1\\Editor\\Unity.exe -projectpath C:\\UnityProject\\Project-ANTACT\\ANTACT -useHub -hubIPC -cloudEnvironment production","communication_protocol_version":"1.5.0","com.unity.ml-agents_version":"3.0.0","scene_name":"Scenario1Map1","end_time_seconds":"1749607585"}}