{"count":1,"self":206.233344,"total":214.8845686,"children":{"InitializeActuators":{"count":9,"self":0.0015019999999999999,"total":0.0015019999999999999,"children":null},"InitializeSensors":{"count":9,"self":0.0015095999999999998,"total":0.0015095999999999998,"children":null},"AgentSendState":{"count":9948,"self":0.050591899999999995,"total":3.8130957,"children":{"CollectObservations":{"count":35137,"self":0.44671489999999997,"total":0.44671489999999997,"children":null},"WriteActionMask":{"count":35137,"self":0.0065645999999999994,"total":0.0065645999999999994,"children":null},"RequestDecision":{"count":35137,"self":3.3092243999999997,"total":3.3092243,"children":null}}},"DecideAction":{"count":9948,"self":2.2766952,"total":2.2766951,"children":null},"AgentAct":{"count":9948,"self":2.558418,"total":2.558418,"children":null}},"gauges":{},"metadata":{"timer_format_version":"0.1.0","start_time_seconds":"1749321788","unity_version":"6000.0.43f1","command_line_arguments":"C:\\Program Files\\Unity\\Hub\\Editor\\6000.0.43f1\\Editor\\Unity.exe -projectpath C:\\Users\\trues\\Documents\\Project-ANTACT\\ANTACT -useHub -hubIPC -cloudEnvironment production","communication_protocol_version":"1.5.0","com.unity.ml-agents_version":"3.0.0","scene_name":"StartScene","end_time_seconds":"1749322003"}}