{"count":1,"self":23.720343999999997,"total":24.5354863,"children":{"InitializeActuators":{"count":11,"self":0.0010042999999999999,"total":0.0010042999999999999,"children":null},"InitializeSensors":{"count":11,"self":0.0015042999999999999,"total":0.0015042999999999999,"children":null},"AgentSendState":{"count":927,"self":0.0049628,"total":0.2714039,"children":{"CollectObservations":{"count":2722,"self":0.020025599999999998,"total":0.020025599999999998,"children":null},"WriteActionMask":{"count":2722,"self":0,"total":0,"children":null},"RequestDecision":{"count":2722,"self":0.24641549999999998,"total":0.24641549999999998,"children":null}}},"DecideAction":{"count":927,"self":0.30983869999999997,"total":0.30983869999999997,"children":null},"AgentAct":{"count":927,"self":0.23139069999999998,"total":0.23139069999999998,"children":null}},"gauges":{},"metadata":{"timer_format_version":"0.1.0","start_time_seconds":"1749320758","unity_version":"6000.0.43f1","command_line_arguments":"C:\\Program Files\\Unity\\Hub\\Editor\\6000.0.43f1\\Editor\\Unity.exe -projectpath C:\\Users\\trues\\Documents\\Project-ANTACT\\ANTACT -useHub -hubIPC -cloudEnvironment production","communication_protocol_version":"1.5.0","com.unity.ml-agents_version":"3.0.0","scene_name":"Tutorial","end_time_seconds":"1749320783"}}